timestamp,run,rc,kernel,node,pp512_tps,reported_sd_tps
2026-10-03 01:28:23,1,0,6.12.107,lab4,62.13,0.22
2026-10-03 01:31:00,2,0,6.12.107,lab4,62.15,0.82
2026-10-03 01:33:37,3,0,6.12.107,lab4,62.54,1.31
2026-10-03 01:36:10,4,0,6.12.107,lab4,63.29,2.31
2026-10-03 01:38:47,5,0,6.12.107,lab4,62.02,0.19
2026-10-03 01:41:22,6,0,6.12.107,lab4,62.1,0.33
2026-10-03 01:43:58,7,0,6.12.107,lab4,62.08,0.31
2026-10-03 01:46:35,8,0,6.12.107,lab4,62.49,1.22
2026-10-03 01:49:09,9,0,6.12.107,lab4,62.6,1.57
2026-10-03 01:51:44,10,0,6.12.107,lab4,62.11,0.32
2026-10-03 01:54:20,11,0,6.12.107,lab4,61.87,0.06
2026-10-03 01:56:56,12,0,6.12.107,lab4,62.33,0.94
2026-10-03 01:59:30,13,0,6.12.107,lab4,63.11,2.19
2026-10-03 02:02:07,14,0,6.12.107,lab4,62.76,2.1
2026-10-03 02:04:41,15,0,6.12.107,lab4,63.82,2.77
2026-10-03 02:07:14,16,0,6.12.107,lab4,62.93,1.77
2026-10-03 02:09:49,17,0,6.12.107,lab4,61.98,0.11
2026-10-03 02:12:25,18,0,6.12.107,lab4,62.04,0.15
2026-10-03 02:15:02,19,0,6.12.107,lab4,62.8,1.48
2026-10-03 02:17:37,20,0,6.12.107,lab4,62.2,0.69
2026-10-03 02:20:14,21,0,6.12.107,lab4,62.29,1.12
2026-10-03 02:22:49,22,0,6.12.107,lab4,62.13,0.32
2026-10-03 02:25:24,23,0,6.12.107,lab4,62.45,1.19
2026-10-03 02:27:59,24,0,6.12.107,lab4,62.15,0.44
2026-10-03 02:30:34,25,0,6.12.107,lab4,62.22,0.32
2026-10-03 02:33:07,26,0,6.12.107,lab4,62.79,2.26
2026-10-03 02:35:43,27,0,6.12.107,lab4,62.54,1.44
2026-10-03 02:38:17,28,0,6.12.107,lab4,62.41,0.58
2026-10-03 02:40:52,29,0,6.12.107,lab4,62.45,0.99
2026-10-03 02:43:26,30,0,6.12.107,lab4,62.23,0.39
2026-10-03 02:46:01,31,0,6.12.107,lab4,63.24,2.55
2026-10-03 02:48:36,32,0,6.12.107,lab4,62.13,0.29
2026-10-03 02:51:12,33,0,6.12.107,lab4,62.59,1.44
2026-10-03 02:53:46,34,0,6.12.107,lab4,62.86,1.37
2026-10-03 02:56:22,35,0,6.12.107,lab4,62.48,1.14
2026-10-03 02:58:57,36,0,6.12.107,lab4,62.11,0.4
2026-10-03 03:01:34,37,0,6.12.107,lab4,62.34,0.75
2026-10-03 03:04:09,38,0,6.12.107,lab4,62.18,0.44
2026-10-03 03:06:46,39,0,6.12.107,lab4,62.07,0.37
2026-10-03 03:09:21,40,0,6.12.107,lab4,62.12,0.28
2026-10-03 03:11:56,41,0,6.12.107,lab4,62.39,0.98
2026-10-03 03:14:31,42,0,6.12.107,lab4,62.42,0.55
2026-10-03 03:17:06,43,0,6.12.107,lab4,62.24,0.47
2026-10-03 03:19:42,44,0,6.12.107,lab4,62.08,0.28
2026-10-03 03:22:17,45,0,6.12.107,lab4,63.97,2.23
2026-10-03 03:24:51,46,0,6.12.107,lab4,62.57,1.23
2026-10-03 03:27:24,47,0,6.12.107,lab4,63.34,2.3
2026-10-03 03:29:59,48,0,6.12.107,lab4,62.21,0.31
2026-10-03 03:32:36,49,0,6.12.107,lab4,62.26,0.55
2026-10-03 03:35:12,50,0,6.12.107,lab4,62.12,0.27
2026-10-03 03:37:50,51,0,6.12.107,lab4,62.17,0.28
2026-10-03 03:40:25,52,0,6.12.107,lab4,62.2,0.4
2026-10-03 03:43:02,53,0,6.12.107,lab4,62.15,0.59
2026-10-03 03:45:37,54,0,6.12.107,lab4,62.36,0.95
2026-10-03 03:48:14,55,0,6.12.107,lab4,62.56,1.68
2026-10-03 03:50:48,56,0,6.12.107,lab4,61.99,0.28
2026-10-03 03:53:27,57,0,6.12.107,lab4,62.19,0.41
2026-10-03 03:56:01,58,0,6.12.107,lab4,62.55,0.82
2026-10-03 03:58:36,59,0,6.12.107,lab4,62.89,1.86
2026-10-03 04:01:13,60,0,6.12.107,lab4,62.39,0.33
2026-10-03 04:03:48,61,0,6.12.107,lab4,62.71,1.38
2026-10-03 04:06:22,62,0,6.12.107,lab4,62.61,1.21
2026-10-03 04:08:59,63,0,6.12.107,lab4,62.01,0.27
2026-10-03 04:11:35,64,0,6.12.107,lab4,61.97,0.29
2026-10-03 04:14:12,65,0,6.12.107,lab4,62.02,0.4
2026-10-03 04:16:46,66,0,6.12.107,lab4,62.29,0.37
2026-10-03 04:19:21,67,0,6.12.107,lab4,62.5,1.45
2026-10-03 04:21:56,68,0,6.12.107,lab4,62.3,0.41
2026-10-03 04:24:32,69,0,6.12.107,lab4,61.93,0.36
2026-10-03 04:27:08,70,0,6.12.107,lab4,62.22,0.43
2026-10-03 04:29:43,71,0,6.12.107,lab4,62.12,0.18
2026-10-03 04:32:17,72,0,6.12.107,lab4,62.73,1.86
2026-10-03 04:34:51,73,0,6.12.107,lab4,62.24,0.36
2026-10-03 04:37:26,74,0,6.12.107,lab4,62.72,2.09
2026-10-03 04:40:02,75,0,6.12.107,lab4,63.16,2.26
2026-10-03 04:42:37,76,0,6.12.107,lab4,62.15,0.57
2026-10-03 04:45:12,77,0,6.12.107,lab4,62.13,0.32
2026-10-03 04:47:47,78,0,6.12.107,lab4,63.12,2.43
2026-10-03 04:50:21,79,0,6.12.107,lab4,62.17,0.18
2026-10-03 04:52:56,80,0,6.12.107,lab4,62.0,0.38
2026-10-03 04:55:30,81,0,6.12.107,lab4,61.95,0.27
2026-10-03 04:58:05,82,0,6.12.107,lab4,62.06,0.21
2026-10-03 05:00:40,83,0,6.12.107,lab4,62.2,0.57
2026-10-03 05:03:15,84,0,6.12.107,lab4,62.01,0.22
2026-10-03 05:05:51,85,0,6.12.107,lab4,62.46,1.39
2026-10-03 05:08:22,86,0,6.12.107,lab4,64.5,3.29
2026-10-03 05:10:57,87,0,6.12.107,lab4,62.24,0.46
2026-10-03 05:13:34,88,0,6.12.107,lab4,62.42,1.6
2026-10-03 05:16:10,89,0,6.12.107,lab4,62.24,1.2
2026-10-03 05:18:45,90,0,6.12.107,lab4,62.25,0.46
2026-10-03 05:21:23,91,0,6.12.107,lab4,62.01,0.33
2026-10-03 05:23:59,92,0,6.12.107,lab4,62.47,0.78
2026-10-03 05:26:35,93,0,6.12.107,lab4,61.99,0.11
2026-10-03 05:29:10,94,0,6.12.107,lab4,62.29,0.35
2026-10-03 05:31:45,95,0,6.12.107,lab4,63.28,2.26
2026-10-03 05:34:22,96,0,6.12.107,lab4,62.11,0.37
2026-10-03 05:36:59,97,0,6.12.107,lab4,62.55,1.05
2026-10-03 05:39:34,98,0,6.12.107,lab4,62.26,0.49
2026-10-03 05:42:11,99,0,6.12.107,lab4,62.16,0.36
2026-10-03 05:44:45,100,0,6.12.107,lab4,62.21,0.3
2026-10-03 05:47:22,101,0,6.12.107,lab4,62.21,0.46
2026-10-03 05:49:57,102,0,6.12.107,lab4,62.28,0.66
2026-10-03 05:52:33,103,0,6.12.107,lab4,62.08,0.23
2026-10-03 05:55:10,104,0,6.12.107,lab4,62.19,0.34
2026-10-03 05:57:44,105,0,6.12.107,lab4,62.12,0.42
2026-10-03 06:00:22,106,0,6.12.107,lab4,62.14,0.48
2026-10-03 06:02:58,107,0,6.12.107,lab4,62.59,1.45
2026-10-03 06:05:33,108,0,6.12.107,lab4,62.95,2.25
2026-10-03 06:08:09,109,0,6.12.107,lab4,62.23,0.37
2026-10-03 06:10:44,110,0,6.12.107,lab4,62.16,0.66
2026-10-03 06:13:19,111,0,6.12.107,lab4,62.73,2.02
2026-10-03 06:15:54,112,0,6.12.107,lab4,61.96,0.14
2026-10-03 06:18:29,113,0,6.12.107,lab4,62.96,2.01
2026-10-03 06:21:05,114,0,6.12.107,lab4,62.37,0.49
2026-10-03 06:23:40,115,0,6.12.107,lab4,62.73,2.28
2026-10-03 06:26:16,116,0,6.12.107,lab4,62.06,0.23
2026-10-03 06:28:52,117,0,6.12.107,lab4,62.05,0.15
2026-10-03 06:31:29,118,0,6.12.107,lab4,62.18,0.79
2026-10-03 06:34:04,119,0,6.12.107,lab4,62.15,0.32
2026-10-03 06:36:41,120,0,6.12.107,lab4,62.16,0.4
2026-10-03 06:39:18,121,0,6.12.107,lab4,61.95,0.27
2026-10-03 06:41:55,122,0,6.12.107,lab4,62.53,0.93
2026-10-03 06:44:31,123,0,6.12.107,lab4,62.22,0.32
2026-10-03 06:47:07,124,0,6.12.107,lab4,61.93,0.09
2026-10-03 06:49:41,125,0,6.12.107,lab4,63.37,2.41
2026-10-03 06:52:17,126,0,6.12.107,lab4,62.46,0.51
2026-10-03 06:54:52,127,0,6.12.107,lab4,62.21,0.38
2026-10-03 06:57:27,128,0,6.12.107,lab4,61.88,0.11
2026-10-03 07:00:03,129,0,6.12.107,lab4,62.27,0.67
2026-10-03 07:02:38,130,0,6.12.107,lab4,62.86,2.06
2026-10-03 07:05:15,131,0,6.12.107,lab4,62.1,0.29
2026-10-03 07:07:49,132,0,6.12.107,lab4,63.17,1.68
2026-10-03 07:10:23,133,0,6.12.107,lab4,62.21,0.47
2026-10-03 07:12:59,134,0,6.12.107,lab4,62.6,1.06
2026-10-03 07:15:33,135,0,6.12.107,lab4,62.24,0.53
2026-10-03 07:18:09,136,0,6.12.107,lab4,62.37,0.72
2026-10-03 07:20:42,137,0,6.12.107,lab4,63.11,2.65
2026-10-03 07:23:15,138,0,6.12.107,lab4,63.43,2.53
2026-10-03 07:25:50,139,0,6.12.107,lab4,62.29,0.4
2026-10-03 07:28:23,140,0,6.12.107,lab4,63.02,2.1
2026-10-03 07:30:58,141,0,6.12.107,lab4,62.07,0.27
2026-10-03 07:33:34,142,0,6.12.107,lab4,62.34,0.98
2026-10-03 07:36:07,143,0,6.12.107,lab4,62.78,1.31
2026-10-03 07:38:46,144,0,6.12.107,lab4,61.88,0.17
2026-10-03 07:41:21,145,0,6.12.107,lab4,63.0,2.28
2026-10-03 07:43:57,146,0,6.12.107,lab4,61.99,0.12
2026-10-03 07:46:31,147,0,6.12.107,lab4,62.8,1.95
2026-10-03 07:49:05,148,0,6.12.107,lab4,62.57,0.62
2026-10-03 07:51:39,149,0,6.12.107,lab4,63.82,1.48
2026-10-03 07:54:14,150,0,6.12.107,lab4,61.96,0.29
2026-10-03 07:56:49,151,0,6.12.107,lab4,62.57,1.09
2026-10-03 07:59:25,152,0,6.12.107,lab4,62.22,0.34
2026-10-03 08:02:01,153,0,6.12.107,lab4,61.99,0.17
2026-10-03 08:04:39,154,0,6.12.107,lab4,61.84,0.15
2026-10-03 08:07:14,155,0,6.12.107,lab4,62.3,0.49
2026-10-03 08:09:52,156,0,6.12.107,lab4,62.15,0.27
2026-10-03 08:12:28,157,0,6.12.107,lab4,62.52,1.15
2026-10-03 08:15:06,158,0,6.12.107,lab4,62.17,0.35
2026-10-03 08:17:39,159,0,6.12.107,lab4,63.43,2.08
2026-10-03 08:20:15,160,0,6.12.107,lab4,62.54,1.02
2026-10-03 08:22:50,161,0,6.12.107,lab4,62.37,0.28
2026-10-03 08:25:27,162,0,6.12.107,lab4,62.01,0.53
2026-10-03 08:28:00,163,0,6.12.107,lab4,63.13,2.28
2026-10-03 08:30:36,164,0,6.12.107,lab4,62.7,1.61
2026-10-03 08:33:11,165,0,6.12.107,lab4,62.57,0.64
2026-10-03 08:35:47,166,0,6.12.107,lab4,62.18,0.27
2026-10-03 08:38:23,167,0,6.12.107,lab4,62.04,0.13
2026-10-03 08:40:59,168,0,6.12.107,lab4,62.29,0.32
2026-10-03 08:43:34,169,0,6.12.107,lab4,62.16,0.43
2026-10-03 08:46:10,170,0,6.12.107,lab4,62.16,0.31
2026-10-03 08:48:44,171,0,6.12.107,lab4,62.68,1.02
2026-10-03 08:51:19,172,0,6.12.107,lab4,62.12,0.45
2026-10-03 08:53:56,173,0,6.12.107,lab4,62.07,0.34
2026-10-03 08:56:30,174,0,6.12.107,lab4,62.96,1.84
2026-10-03 08:59:04,175,0,6.12.107,lab4,62.82,1.63
2026-10-03 09:01:41,176,0,6.12.107,lab4,62.6,0.79
2026-10-03 09:04:16,177,0,6.12.107,lab4,62.11,0.13
2026-10-03 09:06:53,178,0,6.12.107,lab4,62.83,1.37
2026-10-03 09:09:27,179,0,6.12.107,lab4,62.18,0.54
2026-10-03 09:12:02,180,0,6.12.107,lab4,62.6,1.15
2026-10-03 09:14:36,181,0,6.12.107,lab4,62.14,0.42
2026-10-03 09:17:10,182,0,6.12.107,lab4,62.8,1.61
2026-10-03 09:19:46,183,0,6.12.107,lab4,62.01,0.04
2026-10-03 09:22:22,184,0,6.12.107,lab4,62.68,1.17
2026-10-03 09:24:56,185,0,6.12.107,lab4,62.82,2.3
2026-10-03 09:27:31,186,0,6.12.107,lab4,62.15,1.1
2026-10-03 09:30:06,187,0,6.12.107,lab4,63.38,2.69
2026-10-03 09:32:43,188,0,6.12.107,lab4,62.44,1.03
2026-10-03 09:35:19,189,0,6.12.107,lab4,62.36,0.9
2026-10-03 09:37:54,190,0,6.12.107,lab4,62.19,0.26
2026-10-03 09:40:29,191,0,6.12.107,lab4,62.45,1.43
2026-10-03 09:43:03,192,0,6.12.107,lab4,62.56,1.58
2026-10-03 09:45:40,193,0,6.12.107,lab4,62.46,0.82
2026-10-03 09:48:15,194,0,6.12.107,lab4,62.63,2.23
2026-10-03 09:50:50,195,0,6.12.107,lab4,62.25,0.32
2026-10-03 09:53:26,196,0,6.12.107,lab4,62.19,0.36
2026-10-03 09:56:00,197,0,6.12.107,lab4,62.21,0.27
2026-10-03 09:58:34,198,0,6.12.107,lab4,62.6,1.36
2026-10-03 10:01:09,199,0,6.12.107,lab4,62.19,0.4
2026-10-03 10:03:45,200,0,6.12.107,lab4,62.51,1.13
2026-10-03 10:06:22,201,0,6.12.107,lab4,62.1,0.32
2026-10-03 10:08:56,202,0,6.12.107,lab4,62.62,0.72
2026-10-03 10:11:33,203,0,6.12.107,lab4,62.14,0.19
2026-10-03 10:14:08,204,0,6.12.107,lab4,62.2,0.88
2026-10-03 10:16:45,205,0,6.12.107,lab4,62.2,0.59
2026-10-03 10:19:20,206,0,6.12.107,lab4,62.01,0.12
2026-10-03 10:21:54,207,0,6.12.107,lab4,62.09,0.32
2026-10-03 10:24:29,208,0,6.12.107,lab4,62.98,2.31
2026-10-03 10:27:06,209,0,6.12.107,lab4,62.67,1.83
2026-10-03 10:29:40,210,0,6.12.107,lab4,62.25,0.61
2026-10-03 10:32:15,211,0,6.12.107,lab4,62.53,1.71
2026-10-03 10:34:50,212,0,6.12.107,lab4,62.15,0.73
2026-10-03 10:37:25,213,0,6.12.107,lab4,62.59,1.11
2026-10-03 10:40:01,214,0,6.12.107,lab4,61.91,0.22
2026-10-03 10:42:37,215,0,6.12.107,lab4,62.96,1.66
2026-10-03 10:45:13,216,0,6.12.107,lab4,62.51,1.07
2026-10-03 10:47:48,217,0,6.12.107,lab4,62.32,0.65
2026-10-03 10:50:23,218,0,6.12.107,lab4,62.96,1.08
2026-10-03 10:52:57,219,0,6.12.107,lab4,62.86,1.92
2026-10-03 10:55:32,220,0,6.12.107,lab4,62.53,1.41
2026-10-03 10:58:06,221,0,6.12.107,lab4,62.21,0.81
2026-10-03 11:00:41,222,0,6.12.107,lab4,62.39,0.96
2026-10-03 11:03:15,223,0,6.12.107,lab4,62.58,1.62
2026-10-03 11:05:49,224,0,6.12.107,lab4,62.69,1.03
2026-10-03 11:08:27,225,0,6.12.107,lab4,62.44,0.8
2026-10-03 11:11:02,226,0,6.12.107,lab4,62.54,0.62
2026-10-03 11:13:35,227,0,6.12.107,lab4,63.47,2.45
2026-10-03 11:16:13,228,0,6.12.107,lab4,62.01,0.1
2026-10-03 11:18:48,229,0,6.12.107,lab4,62.07,0.1
2026-10-03 11:21:23,230,0,6.12.107,lab4,62.51,0.89
2026-10-03 11:23:56,231,0,6.12.107,lab4,63.49,2.23
2026-10-03 11:26:30,232,0,6.12.107,lab4,62.45,1.29
2026-10-03 11:29:07,233,0,6.12.107,lab4,62.04,0.3
2026-10-03 11:31:40,234,0,6.12.107,lab4,62.83,1.14
2026-10-03 11:34:15,235,0,6.12.107,lab4,62.69,1.89
2026-10-03 11:36:49,236,0,6.12.107,lab4,62.08,0.21
2026-10-03 11:39:24,237,0,6.12.107,lab4,62.2,0.36
2026-10-03 11:42:02,238,0,6.12.107,lab4,61.85,0.08
2026-10-03 11:44:37,239,0,6.12.107,lab4,62.21,0.49
2026-10-03 11:47:13,240,0,6.12.107,lab4,62.15,0.33
2026-10-03 11:49:47,241,0,6.12.107,lab4,63.09,2.07
2026-10-03 11:52:22,242,0,6.12.107,lab4,62.22,0.42
2026-10-03 11:54:58,243,0,6.12.107,lab4,62.16,0.4
2026-10-03 11:57:35,244,0,6.12.107,lab4,62.11,0.28
2026-10-03 12:00:09,245,0,6.12.107,lab4,62.75,1.8
2026-10-03 12:02:44,246,0,6.12.107,lab4,62.17,0.39
2026-10-03 12:05:16,247,0,6.12.107,lab4,64.22,2.46
2026-10-03 12:07:50,248,0,6.12.107,lab4,62.48,1.3
2026-10-03 12:10:26,249,0,6.12.107,lab4,62.42,0.91
2026-10-03 12:13:01,250,0,6.12.107,lab4,62.16,0.38
2026-10-03 12:15:36,251,0,6.12.107,lab4,62.71,1.14
2026-10-03 12:18:11,252,0,6.12.107,lab4,62.33,0.51
2026-10-03 12:20:46,253,0,6.12.107,lab4,62.02,0.3
2026-10-03 12:23:19,254,0,6.12.107,lab4,63.38,1.73
2026-10-03 12:25:54,255,0,6.12.107,lab4,62.1,0.32
