timestamp,cycle,kernel,run,node,pp512_tps,reported_sd_tps
2026-10-03 01:14:13,1,107,1,lab1,62.97,2.2
2026-10-03 01:14:13,1,107,1,lab2,64.96,2.5
2026-10-03 01:14:13,1,107,1,lab3,62.78,1.07
2026-10-03 01:14:13,1,107,1,lab5,40.68,5.61
2026-10-03 01:16:46,1,107,2,lab1,62.92,1.51
2026-10-03 01:16:46,1,107,2,lab2,63.38,1.74
2026-10-03 01:16:46,1,107,2,lab3,62.61,1.53
2026-10-03 01:16:46,1,107,2,lab5,38.04,0.12
2026-10-03 01:23:43,1,111,1,lab1,16.56,0.17
2026-10-03 01:23:43,1,111,1,lab2,16.42,0.06
2026-10-03 01:23:43,1,111,1,lab3,16.46,0.15
2026-10-03 01:23:43,1,111,1,lab5,20.05,0.19
2026-10-03 01:29:33,1,111,2,lab1,16.53,0.14
2026-10-03 01:29:33,1,111,2,lab2,16.44,0.08
2026-10-03 01:29:33,1,111,2,lab3,16.53,0.13
2026-10-03 01:29:33,1,111,2,lab5,20.14,0.2
2026-10-03 01:33:04,2,107,1,lab1,62.79,0.83
2026-10-03 01:33:04,2,107,1,lab2,63.98,2.24
2026-10-03 01:33:04,2,107,1,lab3,62.79,1.56
2026-10-03 01:33:04,2,107,1,lab5,40.89,5.63
2026-10-03 01:35:36,2,107,2,lab1,62.82,1.34
2026-10-03 01:35:36,2,107,2,lab2,61.96,0.29
2026-10-03 01:35:36,2,107,2,lab3,61.89,0.19
2026-10-03 01:35:36,2,107,2,lab5,38.04,0.26
2026-10-03 01:42:31,2,111,1,lab1,16.49,0.1
2026-10-03 01:42:31,2,111,1,lab2,16.63,0.16
2026-10-03 01:42:31,2,111,1,lab3,16.43,0.07
2026-10-03 01:42:31,2,111,1,lab5,20.13,0.15
2026-10-03 01:48:19,2,111,2,lab1,16.48,0.12
2026-10-03 01:48:19,2,111,2,lab2,16.4,0.03
2026-10-03 01:48:19,2,111,2,lab3,16.41,0.02
2026-10-03 01:48:19,2,111,2,lab5,20.04,0.16
2026-10-03 01:51:49,3,107,1,lab1,62.32,0.47
2026-10-03 01:51:49,3,107,1,lab2,62.67,1.66
2026-10-03 01:51:49,3,107,1,lab3,62.76,1.11
2026-10-03 01:51:49,3,107,1,lab5,40.82,5.74
2026-10-03 01:54:21,3,107,2,lab1,63.89,2.44
2026-10-03 01:54:21,3,107,2,lab2,62.13,0.36
2026-10-03 01:54:21,3,107,2,lab3,62.32,0.48
2026-10-03 01:54:21,3,107,2,lab5,38.04,0.08
2026-10-03 02:01:18,3,111,1,lab1,16.4,0.02
2026-10-03 02:01:18,3,111,1,lab2,16.4,0.02
2026-10-03 02:01:18,3,111,1,lab3,16.42,0.07
2026-10-03 02:01:18,3,111,1,lab5,19.91,0.13
2026-10-03 02:07:06,3,111,2,lab1,16.41,0.02
2026-10-03 02:07:07,3,111,2,lab2,16.41,0.04
2026-10-03 02:07:07,3,111,2,lab3,16.45,0.13
2026-10-03 02:07:07,3,111,2,lab5,20.01,0.12
2026-10-03 02:10:36,4,107,1,lab1,62.98,1.56
2026-10-03 02:10:36,4,107,1,lab2,62.1,0.34
2026-10-03 02:10:36,4,107,1,lab3,63.78,2.63
2026-10-03 02:10:36,4,107,1,lab5,40.9,5.71
2026-10-03 02:13:11,4,107,2,lab1,62.25,0.35
2026-10-03 02:13:11,4,107,2,lab2,62.86,2.12
2026-10-03 02:13:11,4,107,2,lab3,62.78,1.82
2026-10-03 02:13:11,4,107,2,lab5,37.98,0.07
2026-10-03 02:20:07,4,111,1,lab1,16.51,0.13
2026-10-03 02:20:07,4,111,1,lab2,16.44,0.04
2026-10-03 02:20:07,4,111,1,lab3,16.41,0.03
2026-10-03 02:20:07,4,111,1,lab5,20.09,0.17
2026-10-03 02:25:54,4,111,2,lab1,16.52,0.17
2026-10-03 02:25:54,4,111,2,lab2,16.4,0.03
2026-10-03 02:25:54,4,111,2,lab3,16.43,0.05
2026-10-03 02:25:54,4,111,2,lab5,20.1,0.24
2026-10-03 02:29:24,5,107,1,lab1,62.99,2.0
2026-10-03 02:29:24,5,107,1,lab2,62.78,1.25
2026-10-03 02:29:24,5,107,1,lab3,63.62,1.99
2026-10-03 02:29:24,5,107,1,lab5,40.92,5.92
2026-10-03 02:31:58,5,107,2,lab1,64.38,2.41
2026-10-03 02:31:58,5,107,2,lab2,63.76,2.43
2026-10-03 02:31:58,5,107,2,lab3,63.27,1.96
2026-10-03 02:31:58,5,107,2,lab5,38.08,0.15
2026-10-03 02:38:54,5,111,1,lab1,16.5,0.13
2026-10-03 02:38:54,5,111,1,lab2,16.51,0.13
2026-10-03 02:38:54,5,111,1,lab3,16.44,0.06
2026-10-03 02:38:54,5,111,1,lab5,20.0,0.18
2026-10-03 02:44:41,5,111,2,lab1,16.47,0.12
2026-10-03 02:44:41,5,111,2,lab2,16.42,0.06
2026-10-03 02:44:41,5,111,2,lab3,16.46,0.09
2026-10-03 02:44:41,5,111,2,lab5,20.04,0.13
2026-10-03 02:48:11,6,107,1,lab1,63.31,2.29
2026-10-03 02:48:11,6,107,1,lab2,62.21,0.52
2026-10-03 02:48:11,6,107,1,lab3,62.3,0.87
2026-10-03 02:48:11,6,107,1,lab5,40.92,5.71
2026-10-03 02:50:44,6,107,2,lab1,63.3,2.38
2026-10-03 02:50:44,6,107,2,lab2,63.22,2.09
2026-10-03 02:50:44,6,107,2,lab3,63.82,2.25
2026-10-03 02:50:44,6,107,2,lab5,37.97,0.07
2026-10-03 02:57:43,6,111,1,lab1,16.42,0.03
2026-10-03 02:57:43,6,111,1,lab2,16.38,0.03
2026-10-03 02:57:43,6,111,1,lab3,16.48,0.14
2026-10-03 02:57:43,6,111,1,lab5,20.02,0.14
2026-10-03 03:03:32,6,111,2,lab1,16.42,0.05
2026-10-03 03:03:32,6,111,2,lab2,16.52,0.12
2026-10-03 03:03:32,6,111,2,lab3,16.4,0.02
2026-10-03 03:03:32,6,111,2,lab5,20.06,0.17
2026-10-03 03:07:02,7,107,1,lab1,62.31,0.58
2026-10-03 03:07:02,7,107,1,lab2,63.95,2.77
2026-10-03 03:07:02,7,107,1,lab3,61.96,0.18
2026-10-03 03:07:02,7,107,1,lab5,40.78,5.73
2026-10-03 03:09:34,7,107,2,lab1,63.31,1.83
2026-10-03 03:09:34,7,107,2,lab2,64.45,3.39
2026-10-03 03:09:34,7,107,2,lab3,63.38,2.09
2026-10-03 03:09:34,7,107,2,lab5,38.02,0.12
2026-10-03 03:16:32,7,111,1,lab1,16.41,0.04
2026-10-03 03:16:32,7,111,1,lab2,16.44,0.07
2026-10-03 03:16:32,7,111,1,lab3,16.43,0.04
2026-10-03 03:16:32,7,111,1,lab5,20.05,0.19
2026-10-03 03:22:20,7,111,2,lab1,16.39,0.02
2026-10-03 03:22:20,7,111,2,lab2,16.44,0.12
2026-10-03 03:22:20,7,111,2,lab3,16.46,0.17
2026-10-03 03:22:20,7,111,2,lab5,20.03,0.17
2026-10-03 03:25:50,8,107,1,lab1,62.23,0.4
2026-10-03 03:25:50,8,107,1,lab2,62.91,1.46
2026-10-03 03:25:50,8,107,1,lab3,62.32,0.59
2026-10-03 03:25:50,8,107,1,lab5,40.86,5.65
2026-10-03 03:28:24,8,107,2,lab1,62.41,0.68
2026-10-03 03:28:24,8,107,2,lab2,64.78,3.47
2026-10-03 03:28:24,8,107,2,lab3,62.23,0.8
2026-10-03 03:28:24,8,107,2,lab5,38.02,0.08
2026-10-03 03:35:21,8,111,1,lab1,16.41,0.04
2026-10-03 03:35:21,8,111,1,lab2,16.41,0.07
2026-10-03 03:35:21,8,111,1,lab3,16.45,0.06
2026-10-03 03:35:21,8,111,1,lab5,20.07,0.18
2026-10-03 03:41:11,8,111,2,lab1,16.42,0.03
2026-10-03 03:41:11,8,111,2,lab2,16.46,0.13
2026-10-03 03:41:11,8,111,2,lab3,16.41,0.03
2026-10-03 03:41:11,8,111,2,lab5,20.07,0.08
2026-10-03 03:44:42,9,107,1,lab1,62.2,0.36
2026-10-03 03:44:42,9,107,1,lab2,63.29,1.7
2026-10-03 03:44:42,9,107,1,lab3,63.13,1.41
2026-10-03 03:44:42,9,107,1,lab5,40.7,5.62
2026-10-03 03:47:15,9,107,2,lab1,63.5,2.2
2026-10-03 03:47:15,9,107,2,lab2,62.44,1.13
2026-10-03 03:47:15,9,107,2,lab3,62.98,1.98
2026-10-03 03:47:15,9,107,2,lab5,38.0,0.08
2026-10-03 03:54:10,9,111,1,lab1,16.52,0.16
2026-10-03 03:54:10,9,111,1,lab2,16.44,0.16
2026-10-03 03:54:10,9,111,1,lab3,16.41,0.01
2026-10-03 03:54:10,9,111,1,lab5,20.15,0.22
2026-10-03 03:59:58,9,111,2,lab1,16.45,0.12
2026-10-03 03:59:58,9,111,2,lab2,16.54,0.17
2026-10-03 03:59:58,9,111,2,lab3,16.4,0.03
2026-10-03 03:59:58,9,111,2,lab5,20.05,0.16
2026-10-03 04:03:28,10,107,1,lab1,62.13,0.38
2026-10-03 04:03:28,10,107,1,lab2,63.22,1.5
2026-10-03 04:03:28,10,107,1,lab3,62.03,0.17
2026-10-03 04:03:28,10,107,1,lab5,40.67,5.59
2026-10-03 04:06:00,10,107,2,lab1,62.26,0.3
2026-10-03 04:06:00,10,107,2,lab2,63.0,1.98
2026-10-03 04:06:00,10,107,2,lab3,63.81,2.36
2026-10-03 04:06:00,10,107,2,lab5,38.11,0.33
2026-10-03 04:12:56,10,111,1,lab1,16.49,0.1
2026-10-03 04:12:56,10,111,1,lab2,16.4,0.04
2026-10-03 04:12:56,10,111,1,lab3,16.42,0.04
2026-10-03 04:12:56,10,111,1,lab5,20.0,0.17
2026-10-03 04:18:45,10,111,2,lab1,16.49,0.15
2026-10-03 04:18:45,10,111,2,lab2,16.42,0.08
2026-10-03 04:18:45,10,111,2,lab3,16.41,0.03
2026-10-03 04:18:45,10,111,2,lab5,19.99,0.09
2026-10-03 04:22:14,11,107,1,lab1,63.65,1.97
2026-10-03 04:22:14,11,107,1,lab2,65.11,2.7
2026-10-03 04:22:14,11,107,1,lab3,64.04,2.39
2026-10-03 04:22:14,11,107,1,lab5,40.83,5.69
2026-10-03 04:24:48,11,107,2,lab1,62.94,1.51
2026-10-03 04:24:48,11,107,2,lab2,62.07,0.46
2026-10-03 04:24:48,11,107,2,lab3,62.16,0.41
2026-10-03 04:24:48,11,107,2,lab5,38.07,0.13
2026-10-03 04:31:45,11,111,1,lab1,16.46,0.1
2026-10-03 04:31:45,11,111,1,lab2,16.42,0.06
2026-10-03 04:31:45,11,111,1,lab3,16.43,0.05
2026-10-03 04:31:45,11,111,1,lab5,20.11,0.15
2026-10-03 04:37:32,11,111,2,lab1,16.47,0.11
2026-10-03 04:37:32,11,111,2,lab2,16.51,0.17
2026-10-03 04:37:32,11,111,2,lab3,16.51,0.11
2026-10-03 04:37:32,11,111,2,lab5,20.03,0.11
2026-10-03 04:41:02,12,107,1,lab1,63.59,1.34
2026-10-03 04:41:02,12,107,1,lab2,63.05,2.27
2026-10-03 04:41:02,12,107,1,lab3,62.99,1.48
2026-10-03 04:41:02,12,107,1,lab5,40.74,5.74
2026-10-03 04:43:35,12,107,2,lab1,63.98,2.29
2026-10-03 04:43:35,12,107,2,lab2,63.02,2.29
2026-10-03 04:43:35,12,107,2,lab3,62.07,0.34
2026-10-03 04:43:35,12,107,2,lab5,38.09,0.2
2026-10-03 04:50:32,12,111,1,lab1,16.47,0.13
2026-10-03 04:50:32,12,111,1,lab2,16.46,0.09
2026-10-03 04:50:32,12,111,1,lab3,16.44,0.07
2026-10-03 04:50:32,12,111,1,lab5,20.06,0.2
2026-10-03 04:56:21,12,111,2,lab1,16.42,0.02
2026-10-03 04:56:21,12,111,2,lab2,16.39,0.03
2026-10-03 04:56:21,12,111,2,lab3,16.46,0.17
2026-10-03 04:56:21,12,111,2,lab5,20.06,0.16
2026-10-03 04:59:50,13,107,1,lab1,62.82,1.64
2026-10-03 04:59:50,13,107,1,lab2,62.98,1.72
2026-10-03 04:59:50,13,107,1,lab3,63.07,1.95
2026-10-03 04:59:50,13,107,1,lab5,40.84,5.63
2026-10-03 05:02:22,13,107,2,lab1,62.24,0.34
2026-10-03 05:02:22,13,107,2,lab2,62.1,0.39
2026-10-03 05:02:22,13,107,2,lab3,63.56,2.65
2026-10-03 05:02:22,13,107,2,lab5,37.99,0.06
2026-10-03 05:09:18,13,111,1,lab1,16.48,0.09
2026-10-03 05:09:18,13,111,1,lab2,16.51,0.15
2026-10-03 05:09:18,13,111,1,lab3,16.47,0.07
2026-10-03 05:09:18,13,111,1,lab5,19.99,0.1
2026-10-03 05:15:05,13,111,2,lab1,16.43,0.03
2026-10-03 05:15:05,13,111,2,lab2,16.43,0.05
2026-10-03 05:15:05,13,111,2,lab3,16.54,0.18
2026-10-03 05:15:05,13,111,2,lab5,20.03,0.14
2026-10-03 05:18:34,14,107,1,lab1,64.15,2.11
2026-10-03 05:18:34,14,107,1,lab2,63.26,2.11
2026-10-03 05:18:34,14,107,1,lab3,62.95,2.17
2026-10-03 05:18:34,14,107,1,lab5,40.81,5.72
2026-10-03 05:21:07,14,107,2,lab1,64.0,2.24
2026-10-03 05:21:07,14,107,2,lab2,63.76,2.85
2026-10-03 05:21:07,14,107,2,lab3,63.97,2.64
2026-10-03 05:21:07,14,107,2,lab5,38.03,0.05
2026-10-03 05:28:04,14,111,1,lab1,16.43,0.03
2026-10-03 05:28:04,14,111,1,lab2,16.44,0.16
2026-10-03 05:28:04,14,111,1,lab3,16.39,0.04
2026-10-03 05:28:04,14,111,1,lab5,20.09,0.15
2026-10-03 05:33:53,14,111,2,lab1,16.47,0.09
2026-10-03 05:33:53,14,111,2,lab2,16.43,0.05
2026-10-03 05:33:53,14,111,2,lab3,16.43,0.06
2026-10-03 05:33:53,14,111,2,lab5,19.98,0.16
2026-10-03 05:37:23,15,107,1,lab1,62.48,0.75
2026-10-03 05:37:23,15,107,1,lab2,62.45,0.45
2026-10-03 05:37:23,15,107,1,lab3,63.9,1.47
2026-10-03 05:37:23,15,107,1,lab5,40.79,5.73
2026-10-03 05:39:57,15,107,2,lab1,63.03,2.16
2026-10-03 05:39:57,15,107,2,lab2,61.92,0.28
2026-10-03 05:39:57,15,107,2,lab3,62.31,0.63
2026-10-03 05:39:57,15,107,2,lab5,37.96,0.09
2026-10-03 05:46:53,15,111,1,lab1,16.48,0.14
2026-10-03 05:46:53,15,111,1,lab2,16.41,0.02
2026-10-03 05:46:53,15,111,1,lab3,16.4,0.02
2026-10-03 05:46:53,15,111,1,lab5,20.13,0.3
2026-10-03 05:52:43,15,111,2,lab1,16.45,0.07
2026-10-03 05:52:43,15,111,2,lab2,16.42,0.07
2026-10-03 05:52:43,15,111,2,lab3,16.4,0.03
2026-10-03 05:52:43,15,111,2,lab5,20.3,0.3
2026-10-03 05:56:12,16,107,1,lab1,63.39,2.45
2026-10-03 05:56:12,16,107,1,lab2,62.66,0.92
2026-10-03 05:56:12,16,107,1,lab3,63.5,2.1
2026-10-03 05:56:12,16,107,1,lab5,40.96,5.82
2026-10-03 05:58:47,16,107,2,lab1,63.32,2.36
2026-10-03 05:58:47,16,107,2,lab2,63.12,1.66
2026-10-03 05:58:47,16,107,2,lab3,61.93,0.14
2026-10-03 05:58:47,16,107,2,lab5,38.0,0.11
2026-10-03 06:05:46,16,111,1,lab1,16.42,0.02
2026-10-03 06:05:46,16,111,1,lab2,16.48,0.08
2026-10-03 06:05:46,16,111,1,lab3,16.5,0.15
2026-10-03 06:05:46,16,111,1,lab5,20.03,0.14
2026-10-03 06:11:35,16,111,2,lab1,16.43,0.05
2026-10-03 06:11:35,16,111,2,lab2,16.41,0.05
2026-10-03 06:11:35,16,111,2,lab3,16.41,0.03
2026-10-03 06:11:35,16,111,2,lab5,20.05,0.2
2026-10-03 06:15:06,17,107,1,lab1,63.29,2.42
2026-10-03 06:15:06,17,107,1,lab2,62.07,0.08
2026-10-03 06:15:06,17,107,1,lab3,62.27,0.48
2026-10-03 06:15:06,17,107,1,lab5,40.76,5.7
2026-10-03 06:17:40,17,107,2,lab1,62.23,0.32
2026-10-03 06:17:40,17,107,2,lab2,61.96,0.29
2026-10-03 06:17:40,17,107,2,lab3,62.04,0.33
2026-10-03 06:17:40,17,107,2,lab5,38.02,0.07
2026-10-03 06:24:36,17,111,1,lab1,16.42,0.02
2026-10-03 06:24:36,17,111,1,lab2,16.46,0.12
2026-10-03 06:24:36,17,111,1,lab3,16.43,0.03
2026-10-03 06:24:36,17,111,1,lab5,20.05,0.06
2026-10-03 06:30:25,17,111,2,lab1,16.4,0.03
2026-10-03 06:30:25,17,111,2,lab2,16.38,0.02
2026-10-03 06:30:25,17,111,2,lab3,16.4,0.02
2026-10-03 06:30:25,17,111,2,lab5,20.02,0.29
2026-10-03 06:33:55,18,107,1,lab1,63.46,1.39
2026-10-03 06:33:55,18,107,1,lab2,63.55,2.19
2026-10-03 06:33:55,18,107,1,lab3,63.59,2.21
2026-10-03 06:33:55,18,107,1,lab5,40.78,5.81
2026-10-03 06:36:28,18,107,2,lab1,63.75,2.35
2026-10-03 06:36:28,18,107,2,lab2,62.78,1.54
2026-10-03 06:36:28,18,107,2,lab3,62.64,1.05
2026-10-03 06:36:28,18,107,2,lab5,38.01,0.07
2026-10-03 06:43:25,18,111,1,lab1,16.43,0.05
2026-10-03 06:43:25,18,111,1,lab2,16.45,0.1
2026-10-03 06:43:25,18,111,1,lab3,16.41,0.03
2026-10-03 06:43:25,18,111,1,lab5,20.01,0.17
2026-10-03 06:49:13,18,111,2,lab1,16.41,0.03
2026-10-03 06:49:13,18,111,2,lab2,16.48,0.15
2026-10-03 06:49:13,18,111,2,lab3,16.52,0.16
2026-10-03 06:49:13,18,111,2,lab5,20.05,0.23
2026-10-03 06:52:43,19,107,1,lab1,62.97,1.52
2026-10-03 06:52:43,19,107,1,lab2,63.48,1.72
2026-10-03 06:52:43,19,107,1,lab3,63.27,2.49
2026-10-03 06:52:43,19,107,1,lab5,40.8,5.67
2026-10-03 06:55:16,19,107,2,lab1,63.8,2.35
2026-10-03 06:55:16,19,107,2,lab2,62.25,0.38
2026-10-03 06:55:16,19,107,2,lab3,62.27,0.63
2026-10-03 06:55:16,19,107,2,lab5,37.96,0.16
2026-10-03 07:02:13,19,111,1,lab1,16.51,0.15
2026-10-03 07:02:13,19,111,1,lab2,16.45,0.1
2026-10-03 07:02:13,19,111,1,lab3,16.46,0.1
2026-10-03 07:02:13,19,111,1,lab5,20.08,0.08
2026-10-03 07:08:01,19,111,2,lab1,16.42,0.02
2026-10-03 07:08:01,19,111,2,lab2,16.41,0.04
2026-10-03 07:08:01,19,111,2,lab3,16.51,0.13
2026-10-03 07:08:01,19,111,2,lab5,20.07,0.2
2026-10-03 07:11:30,20,107,1,lab1,62.3,0.45
2026-10-03 07:11:30,20,107,1,lab2,62.61,1.31
2026-10-03 07:11:30,20,107,1,lab3,62.67,0.65
2026-10-03 07:11:30,20,107,1,lab5,40.83,5.72
2026-10-03 07:14:03,20,107,2,lab1,62.27,0.45
2026-10-03 07:14:03,20,107,2,lab2,62.74,1.53
2026-10-03 07:14:03,20,107,2,lab3,62.47,0.76
2026-10-03 07:14:03,20,107,2,lab5,38.08,0.09
2026-10-03 07:21:02,20,111,1,lab1,16.43,0.04
2026-10-03 07:21:02,20,111,1,lab2,16.58,0.2
2026-10-03 07:21:02,20,111,1,lab3,16.45,0.07
2026-10-03 07:21:02,20,111,1,lab5,20.04,0.16
2026-10-03 07:26:50,20,111,2,lab1,16.55,0.17
2026-10-03 07:26:50,20,111,2,lab2,16.44,0.06
2026-10-03 07:26:50,20,111,2,lab3,16.43,0.03
2026-10-03 07:26:50,20,111,2,lab5,20.09,0.15
2026-10-03 07:30:20,21,107,1,lab1,63.32,2.44
2026-10-03 07:30:20,21,107,1,lab2,62.99,1.93
2026-10-03 07:30:20,21,107,1,lab3,62.18,0.48
2026-10-03 07:30:20,21,107,1,lab5,40.92,5.62
2026-10-03 07:32:53,21,107,2,lab1,62.81,1.19
2026-10-03 07:32:53,21,107,2,lab2,62.62,1.36
2026-10-03 07:32:53,21,107,2,lab3,62.41,0.46
2026-10-03 07:32:53,21,107,2,lab5,38.04,0.12
2026-10-03 07:39:50,21,111,1,lab1,16.41,0.04
2026-10-03 07:39:50,21,111,1,lab2,16.55,0.19
2026-10-03 07:39:50,21,111,1,lab3,16.44,0.08
2026-10-03 07:39:50,21,111,1,lab5,20.03,0.17
2026-10-03 07:45:39,21,111,2,lab1,16.45,0.08
2026-10-03 07:45:39,21,111,2,lab2,16.42,0.06
2026-10-03 07:45:39,21,111,2,lab3,16.52,0.11
2026-10-03 07:45:39,21,111,2,lab5,19.99,0.11
2026-10-03 07:49:09,22,107,1,lab1,64.37,2.69
2026-10-03 07:49:09,22,107,1,lab2,62.51,0.78
2026-10-03 07:49:09,22,107,1,lab3,63.36,2.24
2026-10-03 07:49:09,22,107,1,lab5,40.91,5.81
2026-10-03 07:51:43,22,107,2,lab1,63.11,2.04
2026-10-03 07:51:43,22,107,2,lab2,62.76,1.43
2026-10-03 07:51:43,22,107,2,lab3,63.93,2.64
2026-10-03 07:51:43,22,107,2,lab5,37.97,0.09
2026-10-03 07:58:41,22,111,1,lab1,16.43,0.03
2026-10-03 07:58:41,22,111,1,lab2,16.44,0.11
2026-10-03 07:58:41,22,111,1,lab3,16.53,0.2
2026-10-03 07:58:41,22,111,1,lab5,19.98,0.21
2026-10-03 08:04:30,22,111,2,lab1,16.44,0.09
2026-10-03 08:04:30,22,111,2,lab2,16.4,0.03
2026-10-03 08:04:30,22,111,2,lab3,16.41,0.02
2026-10-03 08:04:30,22,111,2,lab5,20.06,0.12
2026-10-03 08:07:59,23,107,1,lab1,62.83,0.87
2026-10-03 08:07:59,23,107,1,lab2,62.16,0.23
2026-10-03 08:07:59,23,107,1,lab3,63.28,1.33
2026-10-03 08:07:59,23,107,1,lab5,40.8,5.68
2026-10-03 08:10:34,23,107,2,lab1,64.11,2.27
2026-10-03 08:10:34,23,107,2,lab2,63.61,2.24
2026-10-03 08:10:34,23,107,2,lab3,62.47,1.31
2026-10-03 08:10:34,23,107,2,lab5,38.02,0.15
2026-10-03 08:17:30,23,111,1,lab1,16.46,0.1
2026-10-03 08:17:30,23,111,1,lab2,16.46,0.09
2026-10-03 08:17:30,23,111,1,lab3,16.47,0.14
2026-10-03 08:17:30,23,111,1,lab5,20.02,0.1
2026-10-03 08:23:19,23,111,2,lab1,16.48,0.12
2026-10-03 08:23:19,23,111,2,lab2,16.46,0.11
2026-10-03 08:23:19,23,111,2,lab3,16.41,0.03
2026-10-03 08:23:19,23,111,2,lab5,20.05,0.29
2026-10-03 08:26:49,24,107,1,lab1,63.47,2.33
2026-10-03 08:26:49,24,107,1,lab2,63.81,2.36
2026-10-03 08:26:49,24,107,1,lab3,63.19,1.89
2026-10-03 08:26:49,24,107,1,lab5,40.89,5.67
2026-10-03 08:29:22,24,107,2,lab1,62.85,1.82
2026-10-03 08:29:22,24,107,2,lab2,62.72,1.34
2026-10-03 08:29:22,24,107,2,lab3,64.91,3.31
2026-10-03 08:29:22,24,107,2,lab5,38.08,0.11
2026-10-03 08:36:18,24,111,1,lab1,16.43,0.04
2026-10-03 08:36:18,24,111,1,lab2,16.45,0.16
2026-10-03 08:36:18,24,111,1,lab3,16.52,0.15
2026-10-03 08:36:18,24,111,1,lab5,20.04,0.23
2026-10-03 08:42:06,24,111,2,lab1,16.41,0.03
2026-10-03 08:42:06,24,111,2,lab2,16.41,0.05
2026-10-03 08:42:06,24,111,2,lab3,16.41,0.03
2026-10-03 08:42:06,24,111,2,lab5,20.01,0.24
2026-10-03 08:45:35,25,107,1,lab1,62.75,1.2
2026-10-03 08:45:35,25,107,1,lab2,63.35,2.38
2026-10-03 08:45:35,25,107,1,lab3,63.42,2.16
2026-10-03 08:45:35,25,107,1,lab5,41.01,5.82
2026-10-03 08:48:08,25,107,2,lab1,62.94,1.63
2026-10-03 08:48:08,25,107,2,lab2,64.39,2.87
2026-10-03 08:48:08,25,107,2,lab3,62.67,1.82
2026-10-03 08:48:08,25,107,2,lab5,38.13,0.22
2026-10-03 08:55:04,25,111,1,lab1,16.45,0.09
2026-10-03 08:55:04,25,111,1,lab2,16.38,0.02
2026-10-03 08:55:04,25,111,1,lab3,16.5,0.17
2026-10-03 08:55:04,25,111,1,lab5,20.11,0.12
2026-10-03 09:00:54,25,111,2,lab1,16.4,0.04
2026-10-03 09:00:54,25,111,2,lab2,16.41,0.05
2026-10-03 09:00:54,25,111,2,lab3,16.41,0.03
2026-10-03 09:00:54,25,111,2,lab5,20.03,0.16
2026-10-03 09:04:24,26,107,1,lab1,63.11,1.68
2026-10-03 09:04:24,26,107,1,lab2,62.78,1.46
2026-10-03 09:04:24,26,107,1,lab3,62.52,0.87
2026-10-03 09:04:24,26,107,1,lab5,40.86,5.77
2026-10-03 09:06:57,26,107,2,lab1,63.75,2.46
2026-10-03 09:06:57,26,107,2,lab2,62.49,0.86
2026-10-03 09:06:57,26,107,2,lab3,62.8,2.08
2026-10-03 09:06:57,26,107,2,lab5,38.03,0.1
2026-10-03 09:13:54,26,111,1,lab1,16.42,0.04
2026-10-03 09:13:54,26,111,1,lab2,16.42,0.03
2026-10-03 09:13:54,26,111,1,lab3,16.47,0.19
2026-10-03 09:13:54,26,111,1,lab5,20.08,0.23
2026-10-03 09:19:42,26,111,2,lab1,16.45,0.11
2026-10-03 09:19:42,26,111,2,lab2,16.45,0.12
2026-10-03 09:19:42,26,111,2,lab3,16.4,0.02
2026-10-03 09:19:42,26,111,2,lab5,19.99,0.13
2026-10-03 09:23:13,27,107,1,lab1,63.09,0.97
2026-10-03 09:23:13,27,107,1,lab2,63.05,2.03
2026-10-03 09:23:13,27,107,1,lab3,62.86,1.48
2026-10-03 09:23:13,27,107,1,lab5,40.91,5.75
2026-10-03 09:25:46,27,107,2,lab1,63.46,1.62
2026-10-03 09:25:46,27,107,2,lab2,62.49,1.66
2026-10-03 09:25:46,27,107,2,lab3,63.74,2.35
2026-10-03 09:25:46,27,107,2,lab5,38.02,0.09
2026-10-03 09:32:44,27,111,1,lab1,16.43,0.05
2026-10-03 09:32:44,27,111,1,lab2,16.47,0.11
2026-10-03 09:32:44,27,111,1,lab3,16.41,0.03
2026-10-03 09:32:44,27,111,1,lab5,20.03,0.12
2026-10-03 09:38:31,27,111,2,lab1,16.45,0.11
2026-10-03 09:38:31,27,111,2,lab2,16.4,0.02
2026-10-03 09:38:31,27,111,2,lab3,16.54,0.14
2026-10-03 09:38:31,27,111,2,lab5,20.06,0.26
2026-10-03 09:42:00,28,107,1,lab1,62.03,0.17
2026-10-03 09:42:00,28,107,1,lab2,62.19,0.43
2026-10-03 09:42:00,28,107,1,lab3,62.42,0.5
2026-10-03 09:42:00,28,107,1,lab5,40.86,5.73
2026-10-03 09:44:33,28,107,2,lab1,63.47,2.62
2026-10-03 09:44:33,28,107,2,lab2,62.98,1.37
2026-10-03 09:44:33,28,107,2,lab3,62.2,0.55
2026-10-03 09:44:33,28,107,2,lab5,37.98,0.12
2026-10-03 09:51:31,28,111,1,lab1,16.4,0.04
2026-10-03 09:51:31,28,111,1,lab2,16.4,0.03
2026-10-03 09:51:31,28,111,1,lab3,16.47,0.17
2026-10-03 09:51:31,28,111,1,lab5,20.19,0.24
2026-10-03 09:57:19,28,111,2,lab1,16.43,0.1
2026-10-03 09:57:19,28,111,2,lab2,16.47,0.11
2026-10-03 09:57:19,28,111,2,lab3,16.4,0.03
2026-10-03 09:57:19,28,111,2,lab5,19.96,0.23
2026-10-03 10:00:50,29,107,1,lab1,62.52,1.21
2026-10-03 10:00:50,29,107,1,lab2,61.91,0.29
2026-10-03 10:00:50,29,107,1,lab3,62.29,0.4
2026-10-03 10:00:50,29,107,1,lab5,40.84,5.76
2026-10-03 10:03:22,29,107,2,lab1,63.75,2.93
2026-10-03 10:03:22,29,107,2,lab2,62.5,0.92
2026-10-03 10:03:22,29,107,2,lab3,61.99,0.27
2026-10-03 10:03:22,29,107,2,lab5,38.04,0.12
2026-10-03 10:10:19,29,111,1,lab1,16.42,0.04
2026-10-03 10:10:19,29,111,1,lab2,16.44,0.14
2026-10-03 10:10:19,29,111,1,lab3,16.41,0.04
2026-10-03 10:10:19,29,111,1,lab5,19.99,0.19
2026-10-03 10:16:07,29,111,2,lab1,16.46,0.09
2026-10-03 10:16:07,29,111,2,lab2,16.41,0.03
2026-10-03 10:16:07,29,111,2,lab3,16.44,0.08
2026-10-03 10:16:07,29,111,2,lab5,19.95,0.13
2026-10-03 10:19:38,30,107,1,lab1,62.81,1.97
2026-10-03 10:19:38,30,107,1,lab2,63.17,1.8
2026-10-03 10:19:38,30,107,1,lab3,62.36,1.0
2026-10-03 10:19:39,30,107,1,lab5,40.89,5.8
2026-10-03 10:22:10,30,107,2,lab1,63.91,1.76
2026-10-03 10:22:10,30,107,2,lab2,64.12,2.49
2026-10-03 10:22:10,30,107,2,lab3,62.61,1.17
2026-10-03 10:22:10,30,107,2,lab5,38.02,0.08
2026-10-03 10:29:09,30,111,1,lab1,16.43,0.06
2026-10-03 10:29:09,30,111,1,lab2,16.39,0.03
2026-10-03 10:29:09,30,111,1,lab3,16.43,0.03
2026-10-03 10:29:09,30,111,1,lab5,20.2,0.25
2026-10-03 10:34:56,30,111,2,lab1,16.51,0.14
2026-10-03 10:34:56,30,111,2,lab2,16.48,0.12
2026-10-03 10:34:56,30,111,2,lab3,16.43,0.03
2026-10-03 10:34:56,30,111,2,lab5,20.03,0.16
2026-10-03 10:38:26,31,107,1,lab1,62.56,0.54
2026-10-03 10:38:26,31,107,1,lab2,63.92,2.66
2026-10-03 10:38:26,31,107,1,lab3,62.9,1.13
2026-10-03 10:38:26,31,107,1,lab5,40.86,5.74
2026-10-03 10:40:59,31,107,2,lab1,63.88,2.13
2026-10-03 10:40:59,31,107,2,lab2,63.17,1.93
2026-10-03 10:40:59,31,107,2,lab3,61.97,0.19
2026-10-03 10:40:59,31,107,2,lab5,38.26,0.43
2026-10-03 10:47:55,31,111,1,lab1,16.46,0.1
2026-10-03 10:47:55,31,111,1,lab2,16.54,0.15
2026-10-03 10:47:55,31,111,1,lab3,16.43,0.08
2026-10-03 10:47:55,31,111,1,lab5,19.99,0.17
2026-10-03 10:53:44,31,111,2,lab1,16.41,0.03
2026-10-03 10:53:44,31,111,2,lab2,16.38,0.02
2026-10-03 10:53:44,31,111,2,lab3,16.48,0.13
2026-10-03 10:53:44,31,111,2,lab5,20.1,0.27
2026-10-03 10:57:15,32,107,1,lab1,62.87,1.58
2026-10-03 10:57:15,32,107,1,lab2,63.26,2.59
2026-10-03 10:57:15,32,107,1,lab3,62.48,0.61
2026-10-03 10:57:15,32,107,1,lab5,40.69,5.59
2026-10-03 10:59:47,32,107,2,lab1,62.26,0.36
2026-10-03 10:59:47,32,107,2,lab2,64.42,2.84
2026-10-03 10:59:47,32,107,2,lab3,62.95,1.54
2026-10-03 10:59:47,32,107,2,lab5,38.01,0.17
2026-10-03 11:06:44,32,111,1,lab1,16.47,0.15
2026-10-03 11:06:44,32,111,1,lab2,16.42,0.04
2026-10-03 11:06:44,32,111,1,lab3,16.53,0.14
2026-10-03 11:06:44,32,111,1,lab5,20.11,0.17
2026-10-03 11:12:32,32,111,2,lab1,16.54,0.2
2026-10-03 11:12:32,32,111,2,lab2,16.52,0.18
2026-10-03 11:12:32,32,111,2,lab3,16.4,0.04
2026-10-03 11:12:32,32,111,2,lab5,20.02,0.14
2026-10-03 11:16:02,33,107,1,lab1,64.1,2.81
2026-10-03 11:16:02,33,107,1,lab2,62.06,0.19
2026-10-03 11:16:02,33,107,1,lab3,65.18,2.32
2026-10-03 11:16:02,33,107,1,lab5,40.82,5.84
2026-10-03 11:18:34,33,107,2,lab1,63.96,1.98
2026-10-03 11:18:34,33,107,2,lab2,63.06,1.51
2026-10-03 11:18:34,33,107,2,lab3,63.76,2.55
2026-10-03 11:18:34,33,107,2,lab5,38.06,0.12
2026-10-03 11:25:30,33,111,1,lab1,16.53,0.18
2026-10-03 11:25:30,33,111,1,lab2,16.48,0.07
2026-10-03 11:25:30,33,111,1,lab3,16.55,0.15
2026-10-03 11:25:30,33,111,1,lab5,19.98,0.17
2026-10-03 11:31:19,33,111,2,lab1,16.54,0.16
2026-10-03 11:31:19,33,111,2,lab2,16.39,0.02
2026-10-03 11:31:19,33,111,2,lab3,16.4,0.03
2026-10-03 11:31:19,33,111,2,lab5,20.04,0.2
2026-10-03 11:34:50,34,107,1,lab1,64.32,3.19
2026-10-03 11:34:50,34,107,1,lab2,61.91,0.18
2026-10-03 11:34:50,34,107,1,lab3,64.62,2.38
2026-10-03 11:34:50,34,107,1,lab5,40.78,5.92
2026-10-03 11:37:22,34,107,2,lab1,63.32,1.93
2026-10-03 11:37:22,34,107,2,lab2,62.42,0.52
2026-10-03 11:37:22,34,107,2,lab3,63.68,1.98
2026-10-03 11:37:22,34,107,2,lab5,38.01,0.14
2026-10-03 11:44:19,34,111,1,lab1,16.5,0.15
2026-10-03 11:44:19,34,111,1,lab2,16.4,0.03
2026-10-03 11:44:19,34,111,1,lab3,16.4,0.03
2026-10-03 11:44:19,34,111,1,lab5,19.92,0.16
2026-10-03 11:50:07,34,111,2,lab1,16.46,0.13
2026-10-03 11:50:07,34,111,2,lab2,16.43,0.11
2026-10-03 11:50:07,34,111,2,lab3,16.49,0.12
2026-10-03 11:50:07,34,111,2,lab5,20.06,0.2
2026-10-03 11:53:38,35,107,1,lab1,63.0,1.27
2026-10-03 11:53:38,35,107,1,lab2,63.19,1.95
2026-10-03 11:53:38,35,107,1,lab3,62.34,0.59
2026-10-03 11:53:38,35,107,1,lab5,40.89,5.75
2026-10-03 11:56:10,35,107,2,lab1,63.82,2.46
2026-10-03 11:56:11,35,107,2,lab2,63.15,1.74
2026-10-03 11:56:11,35,107,2,lab3,63.21,1.77
2026-10-03 11:56:11,35,107,2,lab5,38.06,0.07
2026-10-03 12:03:06,35,111,1,lab1,16.42,0.03
2026-10-03 12:03:06,35,111,1,lab2,16.47,0.15
2026-10-03 12:03:06,35,111,1,lab3,16.42,0.03
2026-10-03 12:03:06,35,111,1,lab5,20.08,0.2
2026-10-03 12:08:55,35,111,2,lab1,16.43,0.07
2026-10-03 12:08:55,35,111,2,lab2,16.45,0.07
2026-10-03 12:08:55,35,111,2,lab3,16.42,0.03
2026-10-03 12:08:55,35,111,2,lab5,20.01,0.17
2026-10-03 12:12:24,36,107,1,lab1,64.29,2.46
2026-10-03 12:12:24,36,107,1,lab2,62.39,0.52
2026-10-03 12:12:24,36,107,1,lab3,63.61,2.31
2026-10-03 12:12:24,36,107,1,lab5,40.64,5.71
2026-10-03 12:14:56,36,107,2,lab1,64.25,2.71
2026-10-03 12:14:56,36,107,2,lab2,62.22,0.53
2026-10-03 12:14:56,36,107,2,lab3,63.27,2.29
2026-10-03 12:14:56,36,107,2,lab5,38.07,0.19
2026-10-03 12:21:52,36,111,1,lab1,16.5,0.11
2026-10-03 12:21:52,36,111,1,lab2,16.45,0.1
2026-10-03 12:21:52,36,111,1,lab3,16.41,0.03
2026-10-03 12:21:52,36,111,1,lab5,20.1,0.18
2026-10-03 12:27:40,36,111,2,lab1,16.41,0.02
2026-10-03 12:27:40,36,111,2,lab2,16.5,0.11
2026-10-03 12:27:40,36,111,2,lab3,16.43,0.07
2026-10-03 12:27:40,36,111,2,lab5,20.03,0.11
